repo_name,repo_url,dataset_title,dataset_url,similarity_score,common_keywords
scikit-learn,https://github.com/scikit-learn/scikit-learn,2018 Kaggle Machine Learning & Data Science Survey,https://www.kaggle.com/datasets/kaggle/kaggle-survey-2018,0.29411764705882354,"machine, analysis, science, learning, data"
scikit-learn,https://github.com/scikit-learn/scikit-learn,2018 Kaggle Machine Learning & Data Science Survey,https://www.kaggle.com/datasets/kaggle/kaggle-survey-2018,0.29411764705882354,"machine, analysis, science, learning, data"
scikit-learn,https://github.com/scikit-learn/scikit-learn,2018 Kaggle Machine Learning & Data Science Survey,https://www.kaggle.com/datasets/kaggle/kaggle-survey-2018,0.29411764705882354,"machine, analysis, science, learning, data"
opencv,https://github.com/opencv/opencv,Game of Deep Learning: Ship datasets,https://www.kaggle.com/datasets/arpitjain007/game-of-deep-learning-ship-datasets,0.2777777777777778,"computer, image, vision, learning, deep"
keras,https://github.com/keras-team/keras,Disease Prediction Using Machine Learning ,https://www.kaggle.com/datasets/kaushil268/disease-prediction-using-machine-learning,0.2777777777777778,"machine, networks, using, neural, learning"
keras,https://github.com/keras-team/keras,Disease Prediction Using Machine Learning ,https://www.kaggle.com/datasets/kaushil268/disease-prediction-using-machine-learning,0.2777777777777778,"machine, networks, using, neural, learning"
keras,https://github.com/keras-team/keras,Disease Prediction Using Machine Learning ,https://www.kaggle.com/datasets/kaushil268/disease-prediction-using-machine-learning,0.2777777777777778,"machine, networks, using, neural, learning"
cs-video-courses,https://github.com/Developer-Y/cs-video-courses,2018 Kaggle Machine Learning & Data Science Survey,https://www.kaggle.com/datasets/kaggle/kaggle-survey-2018,0.26666666666666666,"science, machine, computer, learning"
cs-video-courses,https://github.com/Developer-Y/cs-video-courses,2018 Kaggle Machine Learning & Data Science Survey,https://www.kaggle.com/datasets/kaggle/kaggle-survey-2018,0.26666666666666666,"science, machine, computer, learning"
d2l-zh,https://github.com/d2l-ai/d2l-zh,Chest X-ray Images,https://www.kaggle.com/datasets/tolgadincer/labeled-chest-xray-images,0.25,"computer, vision, learning, images, deep"
d2l-zh,https://github.com/d2l-ai/d2l-zh,Chest X-ray Images,https://www.kaggle.com/datasets/tolgadincer/labeled-chest-xray-images,0.25,"computer, vision, learning, images, deep"
AI-Expert-Roadmap,https://github.com/AMAI-GmbH/AI-Expert-Roadmap,Cryptocurrency Prediction Artificial Intelligence,https://www.kaggle.com/datasets/emirhanai/cryptocurrency-prediction-artificial-intelligence,0.23529411764705882,"learning, artificial, deep, intelligence"
AI-Expert-Roadmap,https://github.com/AMAI-GmbH/AI-Expert-Roadmap,Deep Learning A-Z - ANN dataset,https://www.kaggle.com/datasets/filippoo/deep-learning-az-ann,0.23529411764705882,"learning, artificial, intelligence, deep"
opencv,https://github.com/opencv/opencv,Chest X-ray Images,https://www.kaggle.com/datasets/tolgadincer/labeled-chest-xray-images,0.2222222222222222,"vision, computer, deep, learning"
keras,https://github.com/keras-team/keras,2018 Kaggle Machine Learning & Data Science Survey,https://www.kaggle.com/datasets/kaggle/kaggle-survey-2018,0.2222222222222222,"data, machine, science, learning"
keras,https://github.com/keras-team/keras,Data Science Cheat Sheets,https://www.kaggle.com/datasets/timoboz/data-science-cheat-sheets,0.2222222222222222,"data, science, deep, learning"
keras,https://github.com/keras-team/keras,2018 Kaggle Machine Learning & Data Science Survey,https://www.kaggle.com/datasets/kaggle/kaggle-survey-2018,0.2222222222222222,"data, machine, science, learning"
keras,https://github.com/keras-team/keras,Data Science Cheat Sheets,https://www.kaggle.com/datasets/timoboz/data-science-cheat-sheets,0.2222222222222222,"data, science, deep, learning"
opencv,https://github.com/opencv/opencv,Monai - deep learning in healthcare imaging,https://www.kaggle.com/datasets/mikecho/monai-v060-deep-learning-in-healthcare-imaging,0.2222222222222222,"vision, computer, deep, learning"
keras,https://github.com/keras-team/keras,2018 Kaggle Machine Learning & Data Science Survey,https://www.kaggle.com/datasets/kaggle/kaggle-survey-2018,0.2222222222222222,"data, machine, science, learning"
keras,https://github.com/keras-team/keras,Data Science Cheat Sheets,https://www.kaggle.com/datasets/timoboz/data-science-cheat-sheets,0.2222222222222222,"data, science, deep, learning"
opencv,https://github.com/opencv/opencv,HackerEarth Deep Learning Challenge: HolidaySeason,https://www.kaggle.com/datasets/oossiiris/hackerearth-deep-learning-challenge-holidayseason,0.2222222222222222,"vision, computer, deep, learning"
AI-For-Beginners,https://github.com/microsoft/AI-For-Beginners,HackerEarth Deep Learning Challenge: HolidaySeason,https://www.kaggle.com/datasets/oossiiris/hackerearth-deep-learning-challenge-holidayseason,0.21052631578947367,"vision, computer, deep, learning"
AI-For-Beginners,https://github.com/microsoft/AI-For-Beginners,Chest X-ray Images,https://www.kaggle.com/datasets/tolgadincer/labeled-chest-xray-images,0.21052631578947367,"vision, computer, deep, learning"
AI-For-Beginners,https://github.com/microsoft/AI-For-Beginners,Deep Learning A-Z - ANN dataset,https://www.kaggle.com/datasets/filippoo/deep-learning-az-ann,0.21052631578947367,"learning, artificial, intelligence, deep"
AI-For-Beginners,https://github.com/microsoft/AI-For-Beginners,Human Action Detection - Artificial Intelligence,https://www.kaggle.com/datasets/emirhanai/human-action-detection-artificial-intelligence,0.21052631578947367,"vision, computer, artificial, intelligence"
AI-For-Beginners,https://github.com/microsoft/AI-For-Beginners,Monai - deep learning in healthcare imaging,https://www.kaggle.com/datasets/mikecho/monai-v060-deep-learning-in-healthcare-imaging,0.21052631578947367,"vision, computer, deep, learning"
AI-For-Beginners,https://github.com/microsoft/AI-For-Beginners,Cryptocurrency Prediction Artificial Intelligence,https://www.kaggle.com/datasets/emirhanai/cryptocurrency-prediction-artificial-intelligence,0.21052631578947367,"learning, artificial, deep, intelligence"
ML-For-Beginners,https://github.com/microsoft/ML-For-Beginners,2018 Kaggle Machine Learning & Data Science Survey,https://www.kaggle.com/datasets/kaggle/kaggle-survey-2018,0.21052631578947367,"data, machine, science, learning"
tensorflow,https://github.com/tensorflow/tensorflow,Disease Prediction Using Machine Learning ,https://www.kaggle.com/datasets/kaushil268/disease-prediction-using-machine-learning,0.21052631578947367,"neural, machine, learning, networks"
tensorflow,https://github.com/tensorflow/tensorflow,Disease Prediction Using Machine Learning ,https://www.kaggle.com/datasets/kaushil268/disease-prediction-using-machine-learning,0.21052631578947367,"neural, machine, learning, networks"
AI-For-Beginners,https://github.com/microsoft/AI-For-Beginners,Game of Deep Learning: Ship datasets,https://www.kaggle.com/datasets/arpitjain007/game-of-deep-learning-ship-datasets,0.21052631578947367,"vision, computer, deep, learning"
ML-For-Beginners,https://github.com/microsoft/ML-For-Beginners,2018 Kaggle Machine Learning & Data Science Survey,https://www.kaggle.com/datasets/kaggle/kaggle-survey-2018,0.21052631578947367,"data, machine, science, learning"
cs-video-courses,https://github.com/Developer-Y/cs-video-courses,Churn Modelling,https://www.kaggle.com/datasets/shubh0799/churn-modelling,0.2,"science, computer, learning"
cs-video-courses,https://github.com/Developer-Y/cs-video-courses,MIMIC-III - Deep Reinforcement Learning ,https://www.kaggle.com/datasets/asjad99/mimiciii,0.2,"science, computer, learning"
d2l-zh,https://github.com/d2l-ai/d2l-zh,Game of Deep Learning: Ship datasets,https://www.kaggle.com/datasets/arpitjain007/game-of-deep-learning-ship-datasets,0.2,"vision, computer, deep, learning"
cs-video-courses,https://github.com/Developer-Y/cs-video-courses,Tesla/Nasdaq Prediction Artificial Intelligence,https://www.kaggle.com/datasets/emirhanai/teslanasdaq-prediction-artificial-intelligence,0.2,"programming, science, computer"
d2l-zh,https://github.com/d2l-ai/d2l-zh,Game of Deep Learning: Ship datasets,https://www.kaggle.com/datasets/arpitjain007/game-of-deep-learning-ship-datasets,0.2,"vision, computer, deep, learning"
d2l-zh,https://github.com/d2l-ai/d2l-zh,HackerEarth Deep Learning Challenge: HolidaySeason,https://www.kaggle.com/datasets/oossiiris/hackerearth-deep-learning-challenge-holidayseason,0.2,"vision, computer, deep, learning"
cs-video-courses,https://github.com/Developer-Y/cs-video-courses,History of Artificial Intelligence,https://www.kaggle.com/datasets/imtkaggleteam/history-of-artificial-intelligence,0.2,"programming, science, computer"
streamlit,https://github.com/streamlit/streamlit,Data Science Cheat Sheets,https://www.kaggle.com/datasets/timoboz/data-science-cheat-sheets,0.2,"data, science, deep, learning"
cs-video-courses,https://github.com/Developer-Y/cs-video-courses,Chest X-ray Images,https://www.kaggle.com/datasets/tolgadincer/labeled-chest-xray-images,0.2,"science, computer, learning"
streamlit,https://github.com/streamlit/streamlit,Chest X-ray Images,https://www.kaggle.com/datasets/tolgadincer/labeled-chest-xray-images,0.2,"images, science, deep, learning"
cs-video-courses,https://github.com/Developer-Y/cs-video-courses,Cryptocurrency Predict Artificial Intelligence V3,https://www.kaggle.com/datasets/emirhanai/cryptocurrency-predict-artificial-intelligence-v3,0.2,"programming, science, computer"
cs-video-courses,https://github.com/Developer-Y/cs-video-courses,Cryptocurrency Predict Artificial Intelligence V3,https://www.kaggle.com/datasets/emirhanai/cryptocurrency-predict-artificial-intelligence-v3,0.2,"programming, science, computer"
cs-video-courses,https://github.com/Developer-Y/cs-video-courses,Data Science Job Salaries,https://www.kaggle.com/datasets/ruchi798/data-science-job-salaries,0.2,"programming, science, computer"
d2l-zh,https://github.com/d2l-ai/d2l-zh,Monai - deep learning in healthcare imaging,https://www.kaggle.com/datasets/mikecho/monai-v060-deep-learning-in-healthcare-imaging,0.2,"vision, computer, deep, learning"
streamlit,https://github.com/streamlit/streamlit,2018 Kaggle Machine Learning & Data Science Survey,https://www.kaggle.com/datasets/kaggle/kaggle-survey-2018,0.2,"data, machine, science, learning"
cs-video-courses,https://github.com/Developer-Y/cs-video-courses,Churn Modelling,https://www.kaggle.com/datasets/shubh0799/churn-modelling,0.2,"science, computer, learning"
cs-video-courses,https://github.com/Developer-Y/cs-video-courses,Game of Deep Learning: Ship datasets,https://www.kaggle.com/datasets/arpitjain007/game-of-deep-learning-ship-datasets,0.2,"science, computer, learning"
cs-video-courses,https://github.com/Developer-Y/cs-video-courses,HackerEarth Deep Learning Challenge: HolidaySeason,https://www.kaggle.com/datasets/oossiiris/hackerearth-deep-learning-challenge-holidayseason,0.2,"science, computer, learning"
cs-video-courses,https://github.com/Developer-Y/cs-video-courses,History of Artificial Intelligence,https://www.kaggle.com/datasets/imtkaggleteam/history-of-artificial-intelligence,0.2,"programming, science, computer"
cs-video-courses,https://github.com/Developer-Y/cs-video-courses,Tesla/Nasdaq Prediction Artificial Intelligence,https://www.kaggle.com/datasets/emirhanai/teslanasdaq-prediction-artificial-intelligence,0.2,"programming, science, computer"
cs-video-courses,https://github.com/Developer-Y/cs-video-courses,HackerEarth Deep Learning Challenge: HolidaySeason,https://www.kaggle.com/datasets/oossiiris/hackerearth-deep-learning-challenge-holidayseason,0.2,"science, computer, learning"
stable-diffusion-webui,https://github.com/AUTOMATIC1111/stable-diffusion-webui,Chest X-ray Images,https://www.kaggle.com/datasets/tolgadincer/labeled-chest-xray-images,0.2,"images, learning, deep"
stable-diffusion-webui,https://github.com/AUTOMATIC1111/stable-diffusion-webui,Game of Deep Learning: Ship datasets,https://www.kaggle.com/datasets/arpitjain007/game-of-deep-learning-ship-datasets,0.2,"image, deep, learning"
streamlit,https://github.com/streamlit/streamlit,2018 Kaggle Machine Learning & Data Science Survey,https://www.kaggle.com/datasets/kaggle/kaggle-survey-2018,0.2,"data, machine, science, learning"
streamlit,https://github.com/streamlit/streamlit,Chest X-ray Images,https://www.kaggle.com/datasets/tolgadincer/labeled-chest-xray-images,0.2,"images, science, deep, learning"
cs-video-courses,https://github.com/Developer-Y/cs-video-courses,MIMIC-III - Deep Reinforcement Learning ,https://www.kaggle.com/datasets/asjad99/mimiciii,0.2,"science, computer, learning"
d2l-zh,https://github.com/d2l-ai/d2l-zh,Monai - deep learning in healthcare imaging,https://www.kaggle.com/datasets/mikecho/monai-v060-deep-learning-in-healthcare-imaging,0.2,"vision, computer, deep, learning"
cs-video-courses,https://github.com/Developer-Y/cs-video-courses,Chest X-ray Images,https://www.kaggle.com/datasets/tolgadincer/labeled-chest-xray-images,0.2,"science, computer, learning"
stable-diffusion-webui,https://github.com/AUTOMATIC1111/stable-diffusion-webui,DorianG Deep Learning,https://www.kaggle.com/datasets/mpwolke/cusersmarildownloadsdoriangjpg,0.2,"image, deep, learning"
streamlit,https://github.com/streamlit/streamlit,Data Science Cheat Sheets,https://www.kaggle.com/datasets/timoboz/data-science-cheat-sheets,0.2,"data, science, deep, learning"
d2l-zh,https://github.com/d2l-ai/d2l-zh,HackerEarth Deep Learning Challenge: HolidaySeason,https://www.kaggle.com/datasets/oossiiris/hackerearth-deep-learning-challenge-holidayseason,0.2,"vision, computer, deep, learning"
cs-video-courses,https://github.com/Developer-Y/cs-video-courses,Game of Deep Learning: Ship datasets,https://www.kaggle.com/datasets/arpitjain007/game-of-deep-learning-ship-datasets,0.2,"science, computer, learning"
cs-video-courses,https://github.com/Developer-Y/cs-video-courses,Data Science Job Salaries,https://www.kaggle.com/datasets/ruchi798/data-science-job-salaries,0.2,"programming, science, computer"
stable-diffusion-webui,https://github.com/AUTOMATIC1111/stable-diffusion-webui,Monai - deep learning in healthcare imaging,https://www.kaggle.com/datasets/mikecho/monai-v060-deep-learning-in-healthcare-imaging,0.2,"learning, deep, text"
spaCy,https://github.com/explosion/spaCy,2018 Kaggle Machine Learning & Data Science Survey,https://www.kaggle.com/datasets/kaggle/kaggle-survey-2018,0.19047619047619047,"data, machine, science, learning"
Data-Science-For-Beginners,https://github.com/microsoft/Data-Science-For-Beginners,Latest Data Science Salaries,https://www.kaggle.com/datasets/iamsouravbanerjee/data-science-salaries-2023,0.1875,"data, science, analysis"
Data-Science-For-Beginners,https://github.com/microsoft/Data-Science-For-Beginners,Netflix Data Analysis,https://www.kaggle.com/datasets/ankulsharma150/netflix-data-analysis,0.1875,"data, analysis, visualization"
Data-Science-For-Beginners,https://github.com/microsoft/Data-Science-For-Beginners,"Netflix Data: Cleaning, Analysis and Visualization",https://www.kaggle.com/datasets/ariyoomotade/netflix-data-cleaning-analysis-and-visualization,0.1875,"data, analysis, visualization"
Data-Science-For-Beginners,https://github.com/microsoft/Data-Science-For-Beginners,2018 Kaggle Machine Learning & Data Science Survey,https://www.kaggle.com/datasets/kaggle/kaggle-survey-2018,0.1875,"data, science, analysis"
Data-Science-For-Beginners,https://github.com/microsoft/Data-Science-For-Beginners,[NeurIPS 2020] Data Science for COVID-19 (DS4C),https://www.kaggle.com/datasets/kimjihoo/coronavirusdataset,0.1875,"data, science, visualization"
Data-Science-For-Beginners,https://github.com/microsoft/Data-Science-For-Beginners,Data Science Salaries 2023 ðŸ’¸,https://www.kaggle.com/datasets/arnabchaki/data-science-salaries-2023,0.1875,"visualization, data, science"
Data-Science-For-Beginners,https://github.com/microsoft/Data-Science-For-Beginners,Data Science for Good: PASSNYC,https://www.kaggle.com/datasets/passnyc/data-science-for-good,0.1875,"visualization, data, science"
Data-Science-For-Beginners,https://github.com/microsoft/Data-Science-For-Beginners,Uber Data AnalysisðŸš— ðŸš•,https://www.kaggle.com/datasets/bhanupratapbiswas/uber-data-analysis,0.1875,"visualization, data, analysis"
Data-Science-For-Beginners,https://github.com/microsoft/Data-Science-For-Beginners,Netflix - Exploratory Data Analysis ,https://www.kaggle.com/datasets/swatikhedekar/exploratory-data-analysis-on-netflix-data,0.1875,"data, python, analysis"
scikit-learn,https://github.com/scikit-learn/scikit-learn,Data Science Cheat Sheets,https://www.kaggle.com/datasets/timoboz/data-science-cheat-sheets,0.17647058823529413,"data, science, learning"
scikit-learn,https://github.com/scikit-learn/scikit-learn,Netflix - Exploratory Data Analysis ,https://www.kaggle.com/datasets/swatikhedekar/exploratory-data-analysis-on-netflix-data,0.17647058823529413,"data, python, analysis"
scikit-learn,https://github.com/scikit-learn/scikit-learn,Netflix - Exploratory Data Analysis ,https://www.kaggle.com/datasets/swatikhedekar/exploratory-data-analysis-on-netflix-data,0.17647058823529413,"data, python, analysis"
scikit-learn,https://github.com/scikit-learn/scikit-learn,Latest Data Science Salaries,https://www.kaggle.com/datasets/iamsouravbanerjee/data-science-salaries-2023,0.17647058823529413,"data, science, analysis"
scikit-learn,https://github.com/scikit-learn/scikit-learn,Game of Deep Learning: Ship datasets,https://www.kaggle.com/datasets/arpitjain007/game-of-deep-learning-ship-datasets,0.17647058823529413,"science, image, learning"
scikit-learn,https://github.com/scikit-learn/scikit-learn,Game of Deep Learning: Ship datasets,https://www.kaggle.com/datasets/arpitjain007/game-of-deep-learning-ship-datasets,0.17647058823529413,"science, image, learning"
scikit-learn,https://github.com/scikit-learn/scikit-learn,Latest Data Science Salaries,https://www.kaggle.com/datasets/iamsouravbanerjee/data-science-salaries-2023,0.17647058823529413,"data, science, analysis"
scikit-learn,https://github.com/scikit-learn/scikit-learn,Data Science Cheat Sheets,https://www.kaggle.com/datasets/timoboz/data-science-cheat-sheets,0.17647058823529413,"data, science, learning"
scikit-learn,https://github.com/scikit-learn/scikit-learn,Game of Deep Learning: Ship datasets,https://www.kaggle.com/datasets/arpitjain007/game-of-deep-learning-ship-datasets,0.17647058823529413,"science, image, learning"
scikit-learn,https://github.com/scikit-learn/scikit-learn,Netflix - Exploratory Data Analysis ,https://www.kaggle.com/datasets/swatikhedekar/exploratory-data-analysis-on-netflix-data,0.17647058823529413,"data, python, analysis"
scikit-learn,https://github.com/scikit-learn/scikit-learn,Latest Data Science Salaries,https://www.kaggle.com/datasets/iamsouravbanerjee/data-science-salaries-2023,0.17647058823529413,"data, science, analysis"
scikit-learn,https://github.com/scikit-learn/scikit-learn,Data Science Cheat Sheets,https://www.kaggle.com/datasets/timoboz/data-science-cheat-sheets,0.17647058823529413,"data, science, learning"
keras,https://github.com/keras-team/keras,Churn Modelling,https://www.kaggle.com/datasets/shubh0799/churn-modelling,0.16666666666666666,"science, deep, learning"
keras,https://github.com/keras-team/keras,Monai - deep learning in healthcare imaging,https://www.kaggle.com/datasets/mikecho/monai-v060-deep-learning-in-healthcare-imaging,0.16666666666666666,"pytorch, learning, deep"
keras,https://github.com/keras-team/keras,HackerEarth Deep Learning Challenge: HolidaySeason,https://www.kaggle.com/datasets/oossiiris/hackerearth-deep-learning-challenge-holidayseason,0.16666666666666666,"science, deep, learning"
keras,https://github.com/keras-team/keras,Game of Deep Learning: Ship datasets,https://www.kaggle.com/datasets/arpitjain007/game-of-deep-learning-ship-datasets,0.16666666666666666,"science, deep, learning"
keras,https://github.com/keras-team/keras,Game of Deep Learning: Ship datasets,https://www.kaggle.com/datasets/arpitjain007/game-of-deep-learning-ship-datasets,0.16666666666666666,"science, deep, learning"
opencv,https://github.com/opencv/opencv,MIMIC-III - Deep Reinforcement Learning ,https://www.kaggle.com/datasets/asjad99/mimiciii,0.16666666666666666,"computer, deep, learning"
opencv,https://github.com/opencv/opencv,Human Action Detection - Artificial Intelligence,https://www.kaggle.com/datasets/emirhanai/human-action-detection-artificial-intelligence,0.16666666666666666,"vision, computer, image"
opencv,https://github.com/opencv/opencv,DorianG Deep Learning,https://www.kaggle.com/datasets/mpwolke/cusersmarildownloadsdoriangjpg,0.16666666666666666,"image, deep, learning"
opencv,https://github.com/opencv/opencv,Churn Modelling,https://www.kaggle.com/datasets/shubh0799/churn-modelling,0.16666666666666666,"computer, deep, learning"
keras,https://github.com/keras-team/keras,MIMIC-III - Deep Reinforcement Learning ,https://www.kaggle.com/datasets/asjad99/mimiciii,0.16666666666666666,"science, deep, learning"
keras,https://github.com/keras-team/keras,Chest X-ray Images,https://www.kaggle.com/datasets/tolgadincer/labeled-chest-xray-images,0.16666666666666666,"science, deep, learning"
keras,https://github.com/keras-team/keras,Chest X-ray Images,https://www.kaggle.com/datasets/tolgadincer/labeled-chest-xray-images,0.16666666666666666,"science, deep, learning"
keras,https://github.com/keras-team/keras,Monai - deep learning in healthcare imaging,https://www.kaggle.com/datasets/mikecho/monai-v060-deep-learning-in-healthcare-imaging,0.16666666666666666,"pytorch, learning, deep"
keras,https://github.com/keras-team/keras,Churn Modelling,https://www.kaggle.com/datasets/shubh0799/churn-modelling,0.16666666666666666,"science, deep, learning"
keras,https://github.com/keras-team/keras,Game of Deep Learning: Ship datasets,https://www.kaggle.com/datasets/arpitjain007/game-of-deep-learning-ship-datasets,0.16666666666666666,"science, deep, learning"
keras,https://github.com/keras-team/keras,HackerEarth Deep Learning Challenge: HolidaySeason,https://www.kaggle.com/datasets/oossiiris/hackerearth-deep-learning-challenge-holidayseason,0.16666666666666666,"science, deep, learning"
keras,https://github.com/keras-team/keras,MIMIC-III - Deep Reinforcement Learning ,https://www.kaggle.com/datasets/asjad99/mimiciii,0.16666666666666666,"science, deep, learning"
keras,https://github.com/keras-team/keras,Churn Modelling,https://www.kaggle.com/datasets/shubh0799/churn-modelling,0.16666666666666666,"science, deep, learning"
keras,https://github.com/keras-team/keras,Monai - deep learning in healthcare imaging,https://www.kaggle.com/datasets/mikecho/monai-v060-deep-learning-in-healthcare-imaging,0.16666666666666666,"pytorch, learning, deep"
fairseq,https://github.com/facebookresearch/fairseq,Cryptocurrency Predict Artificial Intelligence V3,https://www.kaggle.com/datasets/emirhanai/cryptocurrency-predict-artificial-intelligence-v3,0.16666666666666666,"python, artificial, intelligence"
keras,https://github.com/keras-team/keras,MIMIC-III - Deep Reinforcement Learning ,https://www.kaggle.com/datasets/asjad99/mimiciii,0.16666666666666666,"science, deep, learning"
keras,https://github.com/keras-team/keras,HackerEarth Deep Learning Challenge: HolidaySeason,https://www.kaggle.com/datasets/oossiiris/hackerearth-deep-learning-challenge-holidayseason,0.16666666666666666,"science, deep, learning"
keras,https://github.com/keras-team/keras,Chest X-ray Images,https://www.kaggle.com/datasets/tolgadincer/labeled-chest-xray-images,0.16666666666666666,"science, deep, learning"
ML-For-Beginners,https://github.com/microsoft/ML-For-Beginners,Data Science Cheat Sheets,https://www.kaggle.com/datasets/timoboz/data-science-cheat-sheets,0.15789473684210525,"data, science, learning"
AI-For-Beginners,https://github.com/microsoft/AI-For-Beginners,Cryptocurrency Predict Artificial Intelligence V3,https://www.kaggle.com/datasets/emirhanai/cryptocurrency-predict-artificial-intelligence-v3,0.15789473684210525,"computer, artificial, intelligence"
AI-For-Beginners,https://github.com/microsoft/AI-For-Beginners,Language Detect Artificial Intelligence Software,https://www.kaggle.com/datasets/emirhanai/language-detect-artificial-intelligence-software,0.15789473684210525,"computer, artificial, intelligence"
AI-For-Beginners,https://github.com/microsoft/AI-For-Beginners,Tesla/Nasdaq Prediction Artificial Intelligence,https://www.kaggle.com/datasets/emirhanai/teslanasdaq-prediction-artificial-intelligence,0.15789473684210525,"computer, artificial, intelligence"
AI-For-Beginners,https://github.com/microsoft/AI-For-Beginners,History of Artificial Intelligence,https://www.kaggle.com/datasets/imtkaggleteam/history-of-artificial-intelligence,0.15789473684210525,"computer, artificial, intelligence"
AI-For-Beginners,https://github.com/microsoft/AI-For-Beginners,Artificial intelligence (AI),https://www.kaggle.com/datasets/willianoliveiragibin/artificial-intelligence-ai,0.15789473684210525,"computer, artificial, intelligence"
AI-For-Beginners,https://github.com/microsoft/AI-For-Beginners,MIMIC-III - Deep Reinforcement Learning ,https://www.kaggle.com/datasets/asjad99/mimiciii,0.15789473684210525,"computer, deep, learning"
AI-For-Beginners,https://github.com/microsoft/AI-For-Beginners,Churn Modelling,https://www.kaggle.com/datasets/shubh0799/churn-modelling,0.15789473684210525,"computer, deep, learning"
AI-For-Beginners,https://github.com/microsoft/AI-For-Beginners,Artificial Intelligence Arxiv,https://www.kaggle.com/datasets/johoetter/design-thinking-arxiv,0.15789473684210525,"computer, artificial, intelligence"
AI-For-Beginners,https://github.com/microsoft/AI-For-Beginners,The Rise Of Artificial Intelligence,https://www.kaggle.com/datasets/muhammadroshaanriaz/the-rise-of-artificial-intelligence,0.15789473684210525,"computer, artificial, intelligence"
ML-For-Beginners,https://github.com/microsoft/ML-For-Beginners,Data Science Cheat Sheets,https://www.kaggle.com/datasets/timoboz/data-science-cheat-sheets,0.15789473684210525,"data, science, learning"
AI-For-Beginners,https://github.com/microsoft/AI-For-Beginners,2018 Kaggle Machine Learning & Data Science Survey,https://www.kaggle.com/datasets/kaggle/kaggle-survey-2018,0.15789473684210525,"machine, computer, learning"
superset,https://github.com/apache/superset,"Netflix Data: Cleaning, Analysis and Visualization",https://www.kaggle.com/datasets/ariyoomotade/netflix-data-cleaning-analysis-and-visualization,0.15384615384615385,"data, visualization"
superset,https://github.com/apache/superset,Data Science for Good: PASSNYC,https://www.kaggle.com/datasets/passnyc/data-science-for-good,0.15384615384615385,"visualization, data"
superset,https://github.com/apache/superset,Data Science Salaries 2023 ðŸ’¸,https://www.kaggle.com/datasets/arnabchaki/data-science-salaries-2023,0.15384615384615385,"visualization, data"
superset,https://github.com/apache/superset,[NeurIPS 2020] Data Science for COVID-19 (DS4C),https://www.kaggle.com/datasets/kimjihoo/coronavirusdataset,0.15384615384615385,"data, visualization"
superset,https://github.com/apache/superset,Data Science for Good: PASSNYC,https://www.kaggle.com/datasets/passnyc/data-science-for-good,0.15384615384615385,"visualization, data"
superset,https://github.com/apache/superset,Netflix Data Analysis,https://www.kaggle.com/datasets/ankulsharma150/netflix-data-analysis,0.15384615384615385,"data, visualization"
Made-With-ML,https://github.com/GokuMohandas/Made-With-ML,Data Science Cheat Sheets,https://www.kaggle.com/datasets/timoboz/data-science-cheat-sheets,0.15384615384615385,"data, science, deep, learning"
Made-With-ML,https://github.com/GokuMohandas/Made-With-ML,2018 Kaggle Machine Learning & Data Science Survey,https://www.kaggle.com/datasets/kaggle/kaggle-survey-2018,0.15384615384615385,"data, machine, science, learning"
superset,https://github.com/apache/superset,Student Performance Factors,https://www.kaggle.com/datasets/lainguyn123/student-performance-factors,0.15384615384615385,"visualization, data"
superset,https://github.com/apache/superset,"Netflix Data: Cleaning, Analysis and Visualization",https://www.kaggle.com/datasets/ariyoomotade/netflix-data-cleaning-analysis-and-visualization,0.15384615384615385,"data, visualization"
superset,https://github.com/apache/superset,Data Science Salaries 2023 ðŸ’¸,https://www.kaggle.com/datasets/arnabchaki/data-science-salaries-2023,0.15384615384615385,"visualization, data"
superset,https://github.com/apache/superset,[NeurIPS 2020] Data Science for COVID-19 (DS4C),https://www.kaggle.com/datasets/kimjihoo/coronavirusdataset,0.15384615384615385,"data, visualization"
superset,https://github.com/apache/superset,Student Performance Factors,https://www.kaggle.com/datasets/lainguyn123/student-performance-factors,0.15384615384615385,"visualization, data"
superset,https://github.com/apache/superset,Netflix Data Analysis,https://www.kaggle.com/datasets/ankulsharma150/netflix-data-analysis,0.15384615384615385,"data, visualization"
superset,https://github.com/apache/superset,Uber Data AnalysisðŸš— ðŸš•,https://www.kaggle.com/datasets/bhanupratapbiswas/uber-data-analysis,0.15384615384615385,"visualization, data"
superset,https://github.com/apache/superset,Uber Data AnalysisðŸš— ðŸš•,https://www.kaggle.com/datasets/bhanupratapbiswas/uber-data-analysis,0.15384615384615385,"visualization, data"
streamlit,https://github.com/streamlit/streamlit,[NeurIPS 2020] Data Science for COVID-19 (DS4C),https://www.kaggle.com/datasets/kimjihoo/coronavirusdataset,0.15,"data, science, visualization"
d2l-zh,https://github.com/d2l-ai/d2l-zh,Churn Modelling,https://www.kaggle.com/datasets/shubh0799/churn-modelling,0.15,"computer, deep, learning"
streamlit,https://github.com/streamlit/streamlit,Data Science Salaries 2023 ðŸ’¸,https://www.kaggle.com/datasets/arnabchaki/data-science-salaries-2023,0.15,"visualization, data, science"
d2l-zh,https://github.com/d2l-ai/d2l-zh,MIMIC-III - Deep Reinforcement Learning ,https://www.kaggle.com/datasets/asjad99/mimiciii,0.15,"computer, deep, learning"
streamlit,https://github.com/streamlit/streamlit,Data Science for Good: PASSNYC,https://www.kaggle.com/datasets/passnyc/data-science-for-good,0.15,"visualization, data, science"
streamlit,https://github.com/streamlit/streamlit,Game of Deep Learning: Ship datasets,https://www.kaggle.com/datasets/arpitjain007/game-of-deep-learning-ship-datasets,0.15,"science, deep, learning"
streamlit,https://github.com/streamlit/streamlit,MIMIC-III - Deep Reinforcement Learning ,https://www.kaggle.com/datasets/asjad99/mimiciii,0.15,"science, deep, learning"
streamlit,https://github.com/streamlit/streamlit,HackerEarth Deep Learning Challenge: HolidaySeason,https://www.kaggle.com/datasets/oossiiris/hackerearth-deep-learning-challenge-holidayseason,0.15,"science, deep, learning"
streamlit,https://github.com/streamlit/streamlit,Game of Deep Learning: Ship datasets,https://www.kaggle.com/datasets/arpitjain007/game-of-deep-learning-ship-datasets,0.15,"science, deep, learning"
streamlit,https://github.com/streamlit/streamlit,Data Science for Good: PASSNYC,https://www.kaggle.com/datasets/passnyc/data-science-for-good,0.15,"visualization, data, science"
d2l-zh,https://github.com/d2l-ai/d2l-zh,MIMIC-III - Deep Reinforcement Learning ,https://www.kaggle.com/datasets/asjad99/mimiciii,0.15,"computer, deep, learning"
streamlit,https://github.com/streamlit/streamlit,MIMIC-III - Deep Reinforcement Learning ,https://www.kaggle.com/datasets/asjad99/mimiciii,0.15,"science, deep, learning"
streamlit,https://github.com/streamlit/streamlit,HackerEarth Deep Learning Challenge: HolidaySeason,https://www.kaggle.com/datasets/oossiiris/hackerearth-deep-learning-challenge-holidayseason,0.15,"science, deep, learning"
streamlit,https://github.com/streamlit/streamlit,[NeurIPS 2020] Data Science for COVID-19 (DS4C),https://www.kaggle.com/datasets/kimjihoo/coronavirusdataset,0.15,"data, science, visualization"
streamlit,https://github.com/streamlit/streamlit,Churn Modelling,https://www.kaggle.com/datasets/shubh0799/churn-modelling,0.15,"science, deep, learning"
d2l-zh,https://github.com/d2l-ai/d2l-zh,Churn Modelling,https://www.kaggle.com/datasets/shubh0799/churn-modelling,0.15,"computer, deep, learning"
streamlit,https://github.com/streamlit/streamlit,Churn Modelling,https://www.kaggle.com/datasets/shubh0799/churn-modelling,0.15,"science, deep, learning"
streamlit,https://github.com/streamlit/streamlit,Data Science Salaries 2023 ðŸ’¸,https://www.kaggle.com/datasets/arnabchaki/data-science-salaries-2023,0.15,"visualization, data, science"
pytorch,https://github.com/pytorch/pytorch,Monai - deep learning in healthcare imaging,https://www.kaggle.com/datasets/mikecho/monai-v060-deep-learning-in-healthcare-imaging,0.14285714285714285,"pytorch, learning, deep"
pytorch,https://github.com/pytorch/pytorch,Disease Prediction Using Machine Learning ,https://www.kaggle.com/datasets/kaushil268/disease-prediction-using-machine-learning,0.14285714285714285,"neural, learning, networks"
pytorch,https://github.com/pytorch/pytorch,Monai - deep learning in healthcare imaging,https://www.kaggle.com/datasets/mikecho/monai-v060-deep-learning-in-healthcare-imaging,0.14285714285714285,"pytorch, learning, deep"
ray,https://github.com/ray-project/ray,2018 Kaggle Machine Learning & Data Science Survey,https://www.kaggle.com/datasets/kaggle/kaggle-survey-2018,0.14285714285714285,"data, machine, learning"
pytorch,https://github.com/pytorch/pytorch,Disease Prediction Using Machine Learning ,https://www.kaggle.com/datasets/kaushil268/disease-prediction-using-machine-learning,0.14285714285714285,"neural, learning, networks"
spaCy,https://github.com/explosion/spaCy,Data Science Cheat Sheets,https://www.kaggle.com/datasets/timoboz/data-science-cheat-sheets,0.14285714285714285,"data, science, learning"
DragGAN,https://github.com/XingangPan/DragGAN,Human Action Detection - Artificial Intelligence,https://www.kaggle.com/datasets/emirhanai/human-action-detection-artificial-intelligence,0.13636363636363635,"image, artificial, intelligence"
Flowise,https://github.com/FlowiseAI/Flowise,Language Detect Artificial Intelligence Software,https://www.kaggle.com/datasets/emirhanai/language-detect-artificial-intelligence-software,0.13636363636363635,"artificial, language, intelligence"
cs-video-courses,https://github.com/Developer-Y/cs-video-courses,Corn or Maize Leaf Disease Dataset,https://www.kaggle.com/datasets/smaranjitghose/corn-or-maize-leaf-disease-dataset,0.13333333333333333,"science, computer"
cs-video-courses,https://github.com/Developer-Y/cs-video-courses,Monai - deep learning in healthcare imaging,https://www.kaggle.com/datasets/mikecho/monai-v060-deep-learning-in-healthcare-imaging,0.13333333333333333,"computer, learning"
cs-video-courses,https://github.com/Developer-Y/cs-video-courses,Disease Prediction Using Machine Learning ,https://www.kaggle.com/datasets/kaushil268/disease-prediction-using-machine-learning,0.13333333333333333,"machine, learning"
cs-video-courses,https://github.com/Developer-Y/cs-video-courses,Data Science Job,https://www.kaggle.com/datasets/brsahan/data-science-job,0.13333333333333333,"science, computer"
cs-video-courses,https://github.com/Developer-Y/cs-video-courses,Data Science Cheat Sheets,https://www.kaggle.com/datasets/timoboz/data-science-cheat-sheets,0.13333333333333333,"science, learning"
stable-diffusion-webui,https://github.com/AUTOMATIC1111/stable-diffusion-webui,Data Science Cheat Sheets,https://www.kaggle.com/datasets/timoboz/data-science-cheat-sheets,0.13333333333333333,"learning, deep"
cs-video-courses,https://github.com/Developer-Y/cs-video-courses,Disease Prediction Using Machine Learning ,https://www.kaggle.com/datasets/kaushil268/disease-prediction-using-machine-learning,0.13333333333333333,"machine, learning"
cs-video-courses,https://github.com/Developer-Y/cs-video-courses,Artificial intelligence (AI),https://www.kaggle.com/datasets/willianoliveiragibin/artificial-intelligence-ai,0.13333333333333333,"science, computer"
cs-video-courses,https://github.com/Developer-Y/cs-video-courses,Data Science Cheat Sheets,https://www.kaggle.com/datasets/timoboz/data-science-cheat-sheets,0.13333333333333333,"science, learning"
stable-diffusion-webui,https://github.com/AUTOMATIC1111/stable-diffusion-webui,MIMIC-III - Deep Reinforcement Learning ,https://www.kaggle.com/datasets/asjad99/mimiciii,0.13333333333333333,"learning, deep"
cs-video-courses,https://github.com/Developer-Y/cs-video-courses,Corn or Maize Leaf Disease Dataset,https://www.kaggle.com/datasets/smaranjitghose/corn-or-maize-leaf-disease-dataset,0.13333333333333333,"science, computer"
cs-video-courses,https://github.com/Developer-Y/cs-video-courses,Language Detect Artificial Intelligence Software,https://www.kaggle.com/datasets/emirhanai/language-detect-artificial-intelligence-software,0.13333333333333333,"science, computer"
cs-video-courses,https://github.com/Developer-Y/cs-video-courses,Monai - deep learning in healthcare imaging,https://www.kaggle.com/datasets/mikecho/monai-v060-deep-learning-in-healthcare-imaging,0.13333333333333333,"computer, learning"
cs-video-courses,https://github.com/Developer-Y/cs-video-courses,Artificial Intelligence Arxiv,https://www.kaggle.com/datasets/johoetter/design-thinking-arxiv,0.13333333333333333,"science, computer"
cs-video-courses,https://github.com/Developer-Y/cs-video-courses,The Rise Of Artificial Intelligence,https://www.kaggle.com/datasets/muhammadroshaanriaz/the-rise-of-artificial-intelligence,0.13333333333333333,"science, computer"
cs-video-courses,https://github.com/Developer-Y/cs-video-courses,Artificial intelligence (AI),https://www.kaggle.com/datasets/willianoliveiragibin/artificial-intelligence-ai,0.13333333333333333,"science, computer"
cs-video-courses,https://github.com/Developer-Y/cs-video-courses,Data Science Salaries 2023 ðŸ’¸,https://www.kaggle.com/datasets/arnabchaki/data-science-salaries-2023,0.13333333333333333,"science, computer"
cs-video-courses,https://github.com/Developer-Y/cs-video-courses,Language Detect Artificial Intelligence Software,https://www.kaggle.com/datasets/emirhanai/language-detect-artificial-intelligence-software,0.13333333333333333,"science, computer"
cs-video-courses,https://github.com/Developer-Y/cs-video-courses,The Rise Of Artificial Intelligence,https://www.kaggle.com/datasets/muhammadroshaanriaz/the-rise-of-artificial-intelligence,0.13333333333333333,"science, computer"
cs-video-courses,https://github.com/Developer-Y/cs-video-courses,Artificial Intelligence Arxiv,https://www.kaggle.com/datasets/johoetter/design-thinking-arxiv,0.13333333333333333,"science, computer"
cs-video-courses,https://github.com/Developer-Y/cs-video-courses,Data Science Job,https://www.kaggle.com/datasets/brsahan/data-science-job,0.13333333333333333,"science, computer"
cs-video-courses,https://github.com/Developer-Y/cs-video-courses,UNCOVER COVID-19 Challenge,https://www.kaggle.com/datasets/roche-data-science-coalition/uncover,0.13333333333333333,"science, computer"
cs-video-courses,https://github.com/Developer-Y/cs-video-courses,Data Science for Good: PASSNYC,https://www.kaggle.com/datasets/passnyc/data-science-for-good,0.13333333333333333,"science, computer"
cs-video-courses,https://github.com/Developer-Y/cs-video-courses,Data Science for Good: PASSNYC,https://www.kaggle.com/datasets/passnyc/data-science-for-good,0.13333333333333333,"science, computer"
stable-diffusion-webui,https://github.com/AUTOMATIC1111/stable-diffusion-webui,Cryptocurrency Prediction Artificial Intelligence,https://www.kaggle.com/datasets/emirhanai/cryptocurrency-prediction-artificial-intelligence,0.13333333333333333,"learning, deep"
cs-video-courses,https://github.com/Developer-Y/cs-video-courses,Data Science Salaries 2023 ðŸ’¸,https://www.kaggle.com/datasets/arnabchaki/data-science-salaries-2023,0.13333333333333333,"science, computer"
cs-video-courses,https://github.com/Developer-Y/cs-video-courses,UNCOVER COVID-19 Challenge,https://www.kaggle.com/datasets/roche-data-science-coalition/uncover,0.13333333333333333,"science, computer"
stable-diffusion-webui,https://github.com/AUTOMATIC1111/stable-diffusion-webui,Churn Modelling,https://www.kaggle.com/datasets/shubh0799/churn-modelling,0.13333333333333333,"learning, deep"
stable-diffusion-webui,https://github.com/AUTOMATIC1111/stable-diffusion-webui,HackerEarth Deep Learning Challenge: HolidaySeason,https://www.kaggle.com/datasets/oossiiris/hackerearth-deep-learning-challenge-holidayseason,0.13333333333333333,"learning, deep"
stable-diffusion-webui,https://github.com/AUTOMATIC1111/stable-diffusion-webui,Deep Learning A-Z - ANN dataset,https://www.kaggle.com/datasets/filippoo/deep-learning-az-ann,0.13333333333333333,"learning, deep"
dataease,https://github.com/dataease/dataease,Uber Data AnalysisðŸš— ðŸš•,https://www.kaggle.com/datasets/bhanupratapbiswas/uber-data-analysis,0.13043478260869565,"visualization, data, analysis"
dataease,https://github.com/dataease/dataease,"Netflix Data: Cleaning, Analysis and Visualization",https://www.kaggle.com/datasets/ariyoomotade/netflix-data-cleaning-analysis-and-visualization,0.13043478260869565,"data, analysis, visualization"
dataease,https://github.com/dataease/dataease,Netflix Data Analysis,https://www.kaggle.com/datasets/ankulsharma150/netflix-data-analysis,0.13043478260869565,"data, analysis, visualization"
Data-Science-For-Beginners,https://github.com/microsoft/Data-Science-For-Beginners,ECommerce Data Analysis,https://www.kaggle.com/datasets/mmohaiminulislam/ecommerce-data-analysis,0.125,"data, analysis"
Data-Science-For-Beginners,https://github.com/microsoft/Data-Science-For-Beginners,Students Data Analysis,https://www.kaggle.com/datasets/erqizhou/students-data-analysis,0.125,"data, analysis"
tesseract,https://github.com/tesseract-ocr/tesseract,2018 Kaggle Machine Learning & Data Science Survey,https://www.kaggle.com/datasets/kaggle/kaggle-survey-2018,0.125,"machine, learning"
tesseract,https://github.com/tesseract-ocr/tesseract,Disease Prediction Using Machine Learning ,https://www.kaggle.com/datasets/kaushil268/disease-prediction-using-machine-learning,0.125,"machine, learning"
Data-Science-For-Beginners,https://github.com/microsoft/Data-Science-For-Beginners,Data Science Job,https://www.kaggle.com/datasets/brsahan/data-science-job,0.125,"data, science"
Data-Science-For-Beginners,https://github.com/microsoft/Data-Science-For-Beginners,Data Science Cheat Sheets,https://www.kaggle.com/datasets/timoboz/data-science-cheat-sheets,0.125,"data, science"
AutoGPT,https://github.com/Significant-Gravitas/AutoGPT,Human Action Detection - Artificial Intelligence,https://www.kaggle.com/datasets/emirhanai/human-action-detection-artificial-intelligence,0.125,"vision, artificial, intelligence"
Data-Science-For-Beginners,https://github.com/microsoft/Data-Science-For-Beginners,Data Science for Good: Kiva Crowdfunding,https://www.kaggle.com/datasets/kiva/data-science-for-good-kiva-crowdfunding,0.125,"data, science"
AutoGPT,https://github.com/Significant-Gravitas/AutoGPT,Cryptocurrency Predict Artificial Intelligence V3,https://www.kaggle.com/datasets/emirhanai/cryptocurrency-predict-artificial-intelligence-v3,0.125,"python, artificial, intelligence"
Data-Science-For-Beginners,https://github.com/microsoft/Data-Science-For-Beginners,Student Performance Factors,https://www.kaggle.com/datasets/lainguyn123/student-performance-factors,0.125,"visualization, data"
Data-Science-For-Beginners,https://github.com/microsoft/Data-Science-For-Beginners,Market Basket Analysis Data,https://www.kaggle.com/datasets/ahmtcnbs/datasets-for-appiori,0.125,"data, analysis"
Data-Science-For-Beginners,https://github.com/microsoft/Data-Science-For-Beginners,Data Science Job Salaries,https://www.kaggle.com/datasets/ruchi798/data-science-job-salaries,0.125,"data, science"
Data-Science-For-Beginners,https://github.com/microsoft/Data-Science-For-Beginners,Cryptocurrency Predict Artificial Intelligence V3,https://www.kaggle.com/datasets/emirhanai/cryptocurrency-predict-artificial-intelligence-v3,0.125,"python, science"
Data-Science-For-Beginners,https://github.com/microsoft/Data-Science-For-Beginners,Stock Market Analysis Data,https://www.kaggle.com/datasets/amirmotefaker/stock-market-analysis-data,0.125,"data, analysis"
Data-Science-For-Beginners,https://github.com/microsoft/Data-Science-For-Beginners,Walmart Data Analysis and Forcasting,https://www.kaggle.com/datasets/asahu40/walmart-data-analysis-and-forcasting,0.125,"data, analysis"
scikit-learn,https://github.com/scikit-learn/scikit-learn,Disease Prediction Using Machine Learning ,https://www.kaggle.com/datasets/kaushil268/disease-prediction-using-machine-learning,0.11764705882352941,"machine, learning"
scikit-learn,https://github.com/scikit-learn/scikit-learn,Churn Modelling,https://www.kaggle.com/datasets/shubh0799/churn-modelling,0.11764705882352941,"science, learning"
scikit-learn,https://github.com/scikit-learn/scikit-learn,HackerEarth Deep Learning Challenge: HolidaySeason,https://www.kaggle.com/datasets/oossiiris/hackerearth-deep-learning-challenge-holidayseason,0.11764705882352941,"science, learning"
scikit-learn,https://github.com/scikit-learn/scikit-learn,Data Science Job Salaries,https://www.kaggle.com/datasets/ruchi798/data-science-job-salaries,0.11764705882352941,"data, science"
scikit-learn,https://github.com/scikit-learn/scikit-learn,Data Science Salaries 2023 ðŸ’¸,https://www.kaggle.com/datasets/arnabchaki/data-science-salaries-2023,0.11764705882352941,"data, science"
scikit-learn,https://github.com/scikit-learn/scikit-learn,ECommerce Data Analysis,https://www.kaggle.com/datasets/mmohaiminulislam/ecommerce-data-analysis,0.11764705882352941,"data, analysis"
scikit-learn,https://github.com/scikit-learn/scikit-learn,Market Basket Analysis Data,https://www.kaggle.com/datasets/ahmtcnbs/datasets-for-appiori,0.11764705882352941,"data, analysis"
scikit-learn,https://github.com/scikit-learn/scikit-learn,DorianG Deep Learning,https://www.kaggle.com/datasets/mpwolke/cusersmarildownloadsdoriangjpg,0.11764705882352941,"image, learning"
scikit-learn,https://github.com/scikit-learn/scikit-learn,Data Science Salaries 2023 ðŸ’¸,https://www.kaggle.com/datasets/arnabchaki/data-science-salaries-2023,0.11764705882352941,"data, science"
scikit-learn,https://github.com/scikit-learn/scikit-learn,Data Science for Good: Kiva Crowdfunding,https://www.kaggle.com/datasets/kiva/data-science-for-good-kiva-crowdfunding,0.11764705882352941,"data, science"
scikit-learn,https://github.com/scikit-learn/scikit-learn,Data Science for Good: PASSNYC,https://www.kaggle.com/datasets/passnyc/data-science-for-good,0.11764705882352941,"data, science"
scikit-learn,https://github.com/scikit-learn/scikit-learn,Stock Market Analysis Data,https://www.kaggle.com/datasets/amirmotefaker/stock-market-analysis-data,0.11764705882352941,"data, analysis"
scikit-learn,https://github.com/scikit-learn/scikit-learn,Market Basket Analysis Data,https://www.kaggle.com/datasets/ahmtcnbs/datasets-for-appiori,0.11764705882352941,"data, analysis"
scikit-learn,https://github.com/scikit-learn/scikit-learn,ECommerce Data Analysis,https://www.kaggle.com/datasets/mmohaiminulislam/ecommerce-data-analysis,0.11764705882352941,"data, analysis"
scikit-learn,https://github.com/scikit-learn/scikit-learn,"Netflix Data: Cleaning, Analysis and Visualization",https://www.kaggle.com/datasets/ariyoomotade/netflix-data-cleaning-analysis-and-visualization,0.11764705882352941,"data, analysis"
scikit-learn,https://github.com/scikit-learn/scikit-learn,Netflix Data Analysis,https://www.kaggle.com/datasets/ankulsharma150/netflix-data-analysis,0.11764705882352941,"data, analysis"
scikit-learn,https://github.com/scikit-learn/scikit-learn,Chest X-ray Images,https://www.kaggle.com/datasets/tolgadincer/labeled-chest-xray-images,0.11764705882352941,"science, learning"
scikit-learn,https://github.com/scikit-learn/scikit-learn,Students Data Analysis,https://www.kaggle.com/datasets/erqizhou/students-data-analysis,0.11764705882352941,"data, analysis"
scikit-learn,https://github.com/scikit-learn/scikit-learn,MIMIC-III - Deep Reinforcement Learning ,https://www.kaggle.com/datasets/asjad99/mimiciii,0.11764705882352941,"science, learning"
scikit-learn,https://github.com/scikit-learn/scikit-learn,DorianG Deep Learning,https://www.kaggle.com/datasets/mpwolke/cusersmarildownloadsdoriangjpg,0.11764705882352941,"image, learning"
scikit-learn,https://github.com/scikit-learn/scikit-learn,Churn Modelling,https://www.kaggle.com/datasets/shubh0799/churn-modelling,0.11764705882352941,"science, learning"
scikit-learn,https://github.com/scikit-learn/scikit-learn,HackerEarth Deep Learning Challenge: HolidaySeason,https://www.kaggle.com/datasets/oossiiris/hackerearth-deep-learning-challenge-holidayseason,0.11764705882352941,"science, learning"
scikit-learn,https://github.com/scikit-learn/scikit-learn,Disease Prediction Using Machine Learning ,https://www.kaggle.com/datasets/kaushil268/disease-prediction-using-machine-learning,0.11764705882352941,"machine, learning"
scikit-learn,https://github.com/scikit-learn/scikit-learn,[NeurIPS 2020] Data Science for COVID-19 (DS4C),https://www.kaggle.com/datasets/kimjihoo/coronavirusdataset,0.11764705882352941,"data, science"
scikit-learn,https://github.com/scikit-learn/scikit-learn,Data Science Job Salaries,https://www.kaggle.com/datasets/ruchi798/data-science-job-salaries,0.11764705882352941,"data, science"
scikit-learn,https://github.com/scikit-learn/scikit-learn,Data Science Job,https://www.kaggle.com/datasets/brsahan/data-science-job,0.11764705882352941,"data, science"
AI-Expert-Roadmap,https://github.com/AMAI-GmbH/AI-Expert-Roadmap,Artificial Intelligence Arxiv,https://www.kaggle.com/datasets/johoetter/design-thinking-arxiv,0.11764705882352941,"artificial, intelligence"
AI-Expert-Roadmap,https://github.com/AMAI-GmbH/AI-Expert-Roadmap,History of Artificial Intelligence,https://www.kaggle.com/datasets/imtkaggleteam/history-of-artificial-intelligence,0.11764705882352941,"artificial, intelligence"
AI-Expert-Roadmap,https://github.com/AMAI-GmbH/AI-Expert-Roadmap,Chest X-ray Images,https://www.kaggle.com/datasets/tolgadincer/labeled-chest-xray-images,0.11764705882352941,"learning, deep"
scikit-learn,https://github.com/scikit-learn/scikit-learn,MIMIC-III - Deep Reinforcement Learning ,https://www.kaggle.com/datasets/asjad99/mimiciii,0.11764705882352941,"science, learning"
scikit-learn,https://github.com/scikit-learn/scikit-learn,ECommerce Data Analysis,https://www.kaggle.com/datasets/mmohaiminulislam/ecommerce-data-analysis,0.11764705882352941,"data, analysis"
scikit-learn,https://github.com/scikit-learn/scikit-learn,Students Data Analysis,https://www.kaggle.com/datasets/erqizhou/students-data-analysis,0.11764705882352941,"data, analysis"
scikit-learn,https://github.com/scikit-learn/scikit-learn,Data Science Salaries 2023 ðŸ’¸,https://www.kaggle.com/datasets/arnabchaki/data-science-salaries-2023,0.11764705882352941,"data, science"
scikit-learn,https://github.com/scikit-learn/scikit-learn,Data Science Job,https://www.kaggle.com/datasets/brsahan/data-science-job,0.11764705882352941,"data, science"
scikit-learn,https://github.com/scikit-learn/scikit-learn,Cryptocurrency Predict Artificial Intelligence V3,https://www.kaggle.com/datasets/emirhanai/cryptocurrency-predict-artificial-intelligence-v3,0.11764705882352941,"python, science"
scikit-learn,https://github.com/scikit-learn/scikit-learn,Data Science Job Salaries,https://www.kaggle.com/datasets/ruchi798/data-science-job-salaries,0.11764705882352941,"data, science"
scikit-learn,https://github.com/scikit-learn/scikit-learn,Data Science for Good: PASSNYC,https://www.kaggle.com/datasets/passnyc/data-science-for-good,0.11764705882352941,"data, science"
scikit-learn,https://github.com/scikit-learn/scikit-learn,Stock Market Analysis Data,https://www.kaggle.com/datasets/amirmotefaker/stock-market-analysis-data,0.11764705882352941,"data, analysis"
scikit-learn,https://github.com/scikit-learn/scikit-learn,"Netflix Data: Cleaning, Analysis and Visualization",https://www.kaggle.com/datasets/ariyoomotade/netflix-data-cleaning-analysis-and-visualization,0.11764705882352941,"data, analysis"
scikit-learn,https://github.com/scikit-learn/scikit-learn,Netflix Data Analysis,https://www.kaggle.com/datasets/ankulsharma150/netflix-data-analysis,0.11764705882352941,"data, analysis"
scikit-learn,https://github.com/scikit-learn/scikit-learn,Uber Data AnalysisðŸš— ðŸš•,https://www.kaggle.com/datasets/bhanupratapbiswas/uber-data-analysis,0.11764705882352941,"data, analysis"
scikit-learn,https://github.com/scikit-learn/scikit-learn,Walmart Data Analysis and Forcasting,https://www.kaggle.com/datasets/asahu40/walmart-data-analysis-and-forcasting,0.11764705882352941,"data, analysis"
scikit-learn,https://github.com/scikit-learn/scikit-learn,Students Data Analysis,https://www.kaggle.com/datasets/erqizhou/students-data-analysis,0.11764705882352941,"data, analysis"
scikit-learn,https://github.com/scikit-learn/scikit-learn,MIMIC-III - Deep Reinforcement Learning ,https://www.kaggle.com/datasets/asjad99/mimiciii,0.11764705882352941,"science, learning"
scikit-learn,https://github.com/scikit-learn/scikit-learn,Netflix Data Analysis,https://www.kaggle.com/datasets/ankulsharma150/netflix-data-analysis,0.11764705882352941,"data, analysis"
scikit-learn,https://github.com/scikit-learn/scikit-learn,"Netflix Data: Cleaning, Analysis and Visualization",https://www.kaggle.com/datasets/ariyoomotade/netflix-data-cleaning-analysis-and-visualization,0.11764705882352941,"data, analysis"
scikit-learn,https://github.com/scikit-learn/scikit-learn,[NeurIPS 2020] Data Science for COVID-19 (DS4C),https://www.kaggle.com/datasets/kimjihoo/coronavirusdataset,0.11764705882352941,"data, science"
scikit-learn,https://github.com/scikit-learn/scikit-learn,Chest X-ray Images,https://www.kaggle.com/datasets/tolgadincer/labeled-chest-xray-images,0.11764705882352941,"science, learning"
scikit-learn,https://github.com/scikit-learn/scikit-learn,Data Science Job,https://www.kaggle.com/datasets/brsahan/data-science-job,0.11764705882352941,"data, science"
scikit-learn,https://github.com/scikit-learn/scikit-learn,Data Science for Good: PASSNYC,https://www.kaggle.com/datasets/passnyc/data-science-for-good,0.11764705882352941,"data, science"
scikit-learn,https://github.com/scikit-learn/scikit-learn,Data Science for Good: Kiva Crowdfunding,https://www.kaggle.com/datasets/kiva/data-science-for-good-kiva-crowdfunding,0.11764705882352941,"data, science"
AI-Expert-Roadmap,https://github.com/AMAI-GmbH/AI-Expert-Roadmap,Churn Modelling,https://www.kaggle.com/datasets/shubh0799/churn-modelling,0.11764705882352941,"learning, deep"
AI-Expert-Roadmap,https://github.com/AMAI-GmbH/AI-Expert-Roadmap,DorianG Deep Learning,https://www.kaggle.com/datasets/mpwolke/cusersmarildownloadsdoriangjpg,0.11764705882352941,"learning, deep"
AI-Expert-Roadmap,https://github.com/AMAI-GmbH/AI-Expert-Roadmap,Monai - deep learning in healthcare imaging,https://www.kaggle.com/datasets/mikecho/monai-v060-deep-learning-in-healthcare-imaging,0.11764705882352941,"learning, deep"
AI-Expert-Roadmap,https://github.com/AMAI-GmbH/AI-Expert-Roadmap,Disease Prediction Using Machine Learning ,https://www.kaggle.com/datasets/kaushil268/disease-prediction-using-machine-learning,0.11764705882352941,"machine, learning"
AI-Expert-Roadmap,https://github.com/AMAI-GmbH/AI-Expert-Roadmap,Game of Deep Learning: Ship datasets,https://www.kaggle.com/datasets/arpitjain007/game-of-deep-learning-ship-datasets,0.11764705882352941,"learning, deep"
AI-Expert-Roadmap,https://github.com/AMAI-GmbH/AI-Expert-Roadmap,Data Science Cheat Sheets,https://www.kaggle.com/datasets/timoboz/data-science-cheat-sheets,0.11764705882352941,"learning, deep"
scikit-learn,https://github.com/scikit-learn/scikit-learn,Stock Market Analysis Data,https://www.kaggle.com/datasets/amirmotefaker/stock-market-analysis-data,0.11764705882352941,"data, analysis"
AI-Expert-Roadmap,https://github.com/AMAI-GmbH/AI-Expert-Roadmap,2018 Kaggle Machine Learning & Data Science Survey,https://www.kaggle.com/datasets/kaggle/kaggle-survey-2018,0.11764705882352941,"machine, learning"
scikit-learn,https://github.com/scikit-learn/scikit-learn,Market Basket Analysis Data,https://www.kaggle.com/datasets/ahmtcnbs/datasets-for-appiori,0.11764705882352941,"data, analysis"
scikit-learn,https://github.com/scikit-learn/scikit-learn,Uber Data AnalysisðŸš— ðŸš•,https://www.kaggle.com/datasets/bhanupratapbiswas/uber-data-analysis,0.11764705882352941,"data, analysis"
scikit-learn,https://github.com/scikit-learn/scikit-learn,Cryptocurrency Predict Artificial Intelligence V3,https://www.kaggle.com/datasets/emirhanai/cryptocurrency-predict-artificial-intelligence-v3,0.11764705882352941,"python, science"
scikit-learn,https://github.com/scikit-learn/scikit-learn,Walmart Data Analysis and Forcasting,https://www.kaggle.com/datasets/asahu40/walmart-data-analysis-and-forcasting,0.11764705882352941,"data, analysis"
AI-Expert-Roadmap,https://github.com/AMAI-GmbH/AI-Expert-Roadmap,The Rise Of Artificial Intelligence,https://www.kaggle.com/datasets/muhammadroshaanriaz/the-rise-of-artificial-intelligence,0.11764705882352941,"artificial, intelligence"
AI-Expert-Roadmap,https://github.com/AMAI-GmbH/AI-Expert-Roadmap,Tesla/Nasdaq Prediction Artificial Intelligence,https://www.kaggle.com/datasets/emirhanai/teslanasdaq-prediction-artificial-intelligence,0.11764705882352941,"artificial, intelligence"
scikit-learn,https://github.com/scikit-learn/scikit-learn,Disease Prediction Using Machine Learning ,https://www.kaggle.com/datasets/kaushil268/disease-prediction-using-machine-learning,0.11764705882352941,"machine, learning"
scikit-learn,https://github.com/scikit-learn/scikit-learn,Data Science for Good: Kiva Crowdfunding,https://www.kaggle.com/datasets/kiva/data-science-for-good-kiva-crowdfunding,0.11764705882352941,"data, science"
scikit-learn,https://github.com/scikit-learn/scikit-learn,[NeurIPS 2020] Data Science for COVID-19 (DS4C),https://www.kaggle.com/datasets/kimjihoo/coronavirusdataset,0.11764705882352941,"data, science"
scikit-learn,https://github.com/scikit-learn/scikit-learn,Churn Modelling,https://www.kaggle.com/datasets/shubh0799/churn-modelling,0.11764705882352941,"science, learning"
scikit-learn,https://github.com/scikit-learn/scikit-learn,HackerEarth Deep Learning Challenge: HolidaySeason,https://www.kaggle.com/datasets/oossiiris/hackerearth-deep-learning-challenge-holidayseason,0.11764705882352941,"science, learning"
scikit-learn,https://github.com/scikit-learn/scikit-learn,Chest X-ray Images,https://www.kaggle.com/datasets/tolgadincer/labeled-chest-xray-images,0.11764705882352941,"science, learning"
scikit-learn,https://github.com/scikit-learn/scikit-learn,DorianG Deep Learning,https://www.kaggle.com/datasets/mpwolke/cusersmarildownloadsdoriangjpg,0.11764705882352941,"image, learning"
AI-Expert-Roadmap,https://github.com/AMAI-GmbH/AI-Expert-Roadmap,Cryptocurrency Predict Artificial Intelligence V3,https://www.kaggle.com/datasets/emirhanai/cryptocurrency-predict-artificial-intelligence-v3,0.11764705882352941,"artificial, intelligence"
AI-Expert-Roadmap,https://github.com/AMAI-GmbH/AI-Expert-Roadmap,Language Detect Artificial Intelligence Software,https://www.kaggle.com/datasets/emirhanai/language-detect-artificial-intelligence-software,0.11764705882352941,"artificial, intelligence"
scikit-learn,https://github.com/scikit-learn/scikit-learn,Uber Data AnalysisðŸš— ðŸš•,https://www.kaggle.com/datasets/bhanupratapbiswas/uber-data-analysis,0.11764705882352941,"data, analysis"
AI-Expert-Roadmap,https://github.com/AMAI-GmbH/AI-Expert-Roadmap,Artificial intelligence (AI),https://www.kaggle.com/datasets/willianoliveiragibin/artificial-intelligence-ai,0.11764705882352941,"artificial, intelligence"
scikit-learn,https://github.com/scikit-learn/scikit-learn,Cryptocurrency Predict Artificial Intelligence V3,https://www.kaggle.com/datasets/emirhanai/cryptocurrency-predict-artificial-intelligence-v3,0.11764705882352941,"python, science"
AI-Expert-Roadmap,https://github.com/AMAI-GmbH/AI-Expert-Roadmap,HackerEarth Deep Learning Challenge: HolidaySeason,https://www.kaggle.com/datasets/oossiiris/hackerearth-deep-learning-challenge-holidayseason,0.11764705882352941,"learning, deep"
AI-Expert-Roadmap,https://github.com/AMAI-GmbH/AI-Expert-Roadmap,MIMIC-III - Deep Reinforcement Learning ,https://www.kaggle.com/datasets/asjad99/mimiciii,0.11764705882352941,"learning, deep"
AI-Expert-Roadmap,https://github.com/AMAI-GmbH/AI-Expert-Roadmap,Human Action Detection - Artificial Intelligence,https://www.kaggle.com/datasets/emirhanai/human-action-detection-artificial-intelligence,0.11764705882352941,"artificial, intelligence"
scikit-learn,https://github.com/scikit-learn/scikit-learn,Walmart Data Analysis and Forcasting,https://www.kaggle.com/datasets/asahu40/walmart-data-analysis-and-forcasting,0.11764705882352941,"data, analysis"
Made-With-ML,https://github.com/GokuMohandas/Made-With-ML,Chest X-ray Images,https://www.kaggle.com/datasets/tolgadincer/labeled-chest-xray-images,0.11538461538461539,"science, deep, learning"
Made-With-ML,https://github.com/GokuMohandas/Made-With-ML,Churn Modelling,https://www.kaggle.com/datasets/shubh0799/churn-modelling,0.11538461538461539,"science, deep, learning"
Made-With-ML,https://github.com/GokuMohandas/Made-With-ML,Game of Deep Learning: Ship datasets,https://www.kaggle.com/datasets/arpitjain007/game-of-deep-learning-ship-datasets,0.11538461538461539,"science, deep, learning"
Made-With-ML,https://github.com/GokuMohandas/Made-With-ML,MIMIC-III - Deep Reinforcement Learning ,https://www.kaggle.com/datasets/asjad99/mimiciii,0.11538461538461539,"science, deep, learning"
Made-With-ML,https://github.com/GokuMohandas/Made-With-ML,HackerEarth Deep Learning Challenge: HolidaySeason,https://www.kaggle.com/datasets/oossiiris/hackerearth-deep-learning-challenge-holidayseason,0.11538461538461539,"science, deep, learning"
Made-With-ML,https://github.com/GokuMohandas/Made-With-ML,Monai - deep learning in healthcare imaging,https://www.kaggle.com/datasets/mikecho/monai-v060-deep-learning-in-healthcare-imaging,0.11538461538461539,"pytorch, learning, deep"
keras,https://github.com/keras-team/keras,Data Science Salaries 2023 ðŸ’¸,https://www.kaggle.com/datasets/arnabchaki/data-science-salaries-2023,0.1111111111111111,"data, science"
fairseq,https://github.com/facebookresearch/fairseq,The Rise Of Artificial Intelligence,https://www.kaggle.com/datasets/muhammadroshaanriaz/the-rise-of-artificial-intelligence,0.1111111111111111,"artificial, intelligence"
fairseq,https://github.com/facebookresearch/fairseq,Tesla/Nasdaq Prediction Artificial Intelligence,https://www.kaggle.com/datasets/emirhanai/teslanasdaq-prediction-artificial-intelligence,0.1111111111111111,"artificial, intelligence"
fairseq,https://github.com/facebookresearch/fairseq,Language Detect Artificial Intelligence Software,https://www.kaggle.com/datasets/emirhanai/language-detect-artificial-intelligence-software,0.1111111111111111,"artificial, intelligence"
keras,https://github.com/keras-team/keras,Deep Learning A-Z - ANN dataset,https://www.kaggle.com/datasets/filippoo/deep-learning-az-ann,0.1111111111111111,"learning, deep"
fairseq,https://github.com/facebookresearch/fairseq,Artificial Intelligence Arxiv,https://www.kaggle.com/datasets/johoetter/design-thinking-arxiv,0.1111111111111111,"artificial, intelligence"
keras,https://github.com/keras-team/keras,Data Science Job,https://www.kaggle.com/datasets/brsahan/data-science-job,0.1111111111111111,"data, science"
keras,https://github.com/keras-team/keras,Data Science for Good: PASSNYC,https://www.kaggle.com/datasets/passnyc/data-science-for-good,0.1111111111111111,"data, science"
keras,https://github.com/keras-team/keras,Latest Data Science Salaries,https://www.kaggle.com/datasets/iamsouravbanerjee/data-science-salaries-2023,0.1111111111111111,"data, science"
keras,https://github.com/keras-team/keras,DorianG Deep Learning,https://www.kaggle.com/datasets/mpwolke/cusersmarildownloadsdoriangjpg,0.1111111111111111,"learning, deep"
keras,https://github.com/keras-team/keras,Student Performance Factors,https://www.kaggle.com/datasets/lainguyn123/student-performance-factors,0.1111111111111111,"data, model"
keras,https://github.com/keras-team/keras,Cryptocurrency Prediction Artificial Intelligence,https://www.kaggle.com/datasets/emirhanai/cryptocurrency-prediction-artificial-intelligence,0.1111111111111111,"learning, deep"
fairseq,https://github.com/facebookresearch/fairseq,Deep Learning A-Z - ANN dataset,https://www.kaggle.com/datasets/filippoo/deep-learning-az-ann,0.1111111111111111,"artificial, intelligence"
fairseq,https://github.com/facebookresearch/fairseq,Human Action Detection - Artificial Intelligence,https://www.kaggle.com/datasets/emirhanai/human-action-detection-artificial-intelligence,0.1111111111111111,"artificial, intelligence"
fairseq,https://github.com/facebookresearch/fairseq,Cryptocurrency Prediction Artificial Intelligence,https://www.kaggle.com/datasets/emirhanai/cryptocurrency-prediction-artificial-intelligence,0.1111111111111111,"artificial, intelligence"
keras,https://github.com/keras-team/keras,[NeurIPS 2020] Data Science for COVID-19 (DS4C),https://www.kaggle.com/datasets/kimjihoo/coronavirusdataset,0.1111111111111111,"data, science"
keras,https://github.com/keras-team/keras,Data Science for Good: Kiva Crowdfunding,https://www.kaggle.com/datasets/kiva/data-science-for-good-kiva-crowdfunding,0.1111111111111111,"data, science"
keras,https://github.com/keras-team/keras,Data Science Salaries 2023 ðŸ’¸,https://www.kaggle.com/datasets/arnabchaki/data-science-salaries-2023,0.1111111111111111,"data, science"
keras,https://github.com/keras-team/keras,Data Science Job,https://www.kaggle.com/datasets/brsahan/data-science-job,0.1111111111111111,"data, science"
keras,https://github.com/keras-team/keras,Data Science Job Salaries,https://www.kaggle.com/datasets/ruchi798/data-science-job-salaries,0.1111111111111111,"data, science"
keras,https://github.com/keras-team/keras,Data Science Job Salaries,https://www.kaggle.com/datasets/ruchi798/data-science-job-salaries,0.1111111111111111,"data, science"
keras,https://github.com/keras-team/keras,Student Performance Factors,https://www.kaggle.com/datasets/lainguyn123/student-performance-factors,0.1111111111111111,"data, model"
keras,https://github.com/keras-team/keras,Deep Learning A-Z - ANN dataset,https://www.kaggle.com/datasets/filippoo/deep-learning-az-ann,0.1111111111111111,"learning, deep"
keras,https://github.com/keras-team/keras,[NeurIPS 2020] Data Science for COVID-19 (DS4C),https://www.kaggle.com/datasets/kimjihoo/coronavirusdataset,0.1111111111111111,"data, science"
keras,https://github.com/keras-team/keras,[NeurIPS 2020] Data Science for COVID-19 (DS4C),https://www.kaggle.com/datasets/kimjihoo/coronavirusdataset,0.1111111111111111,"data, science"
keras,https://github.com/keras-team/keras,Data Science Job,https://www.kaggle.com/datasets/brsahan/data-science-job,0.1111111111111111,"data, science"
keras,https://github.com/keras-team/keras,Data Science for Good: Kiva Crowdfunding,https://www.kaggle.com/datasets/kiva/data-science-for-good-kiva-crowdfunding,0.1111111111111111,"data, science"
keras,https://github.com/keras-team/keras,Latest Data Science Salaries,https://www.kaggle.com/datasets/iamsouravbanerjee/data-science-salaries-2023,0.1111111111111111,"data, science"
keras,https://github.com/keras-team/keras,Data Science for Good: PASSNYC,https://www.kaggle.com/datasets/passnyc/data-science-for-good,0.1111111111111111,"data, science"
pandas,https://github.com/pandas-dev/pandas,Netflix - Exploratory Data Analysis ,https://www.kaggle.com/datasets/swatikhedekar/exploratory-data-analysis-on-netflix-data,0.1111111111111111,"data, python, analysis"
keras,https://github.com/keras-team/keras,Data Science Salaries 2023 ðŸ’¸,https://www.kaggle.com/datasets/arnabchaki/data-science-salaries-2023,0.1111111111111111,"data, science"
keras,https://github.com/keras-team/keras,Data Science Job Salaries,https://www.kaggle.com/datasets/ruchi798/data-science-job-salaries,0.1111111111111111,"data, science"
keras,https://github.com/keras-team/keras,Cryptocurrency Prediction Artificial Intelligence,https://www.kaggle.com/datasets/emirhanai/cryptocurrency-prediction-artificial-intelligence,0.1111111111111111,"learning, deep"
keras,https://github.com/keras-team/keras,DorianG Deep Learning,https://www.kaggle.com/datasets/mpwolke/cusersmarildownloadsdoriangjpg,0.1111111111111111,"learning, deep"
keras,https://github.com/keras-team/keras,Data Science for Good: PASSNYC,https://www.kaggle.com/datasets/passnyc/data-science-for-good,0.1111111111111111,"data, science"
keras,https://github.com/keras-team/keras,Data Science for Good: Kiva Crowdfunding,https://www.kaggle.com/datasets/kiva/data-science-for-good-kiva-crowdfunding,0.1111111111111111,"data, science"
keras,https://github.com/keras-team/keras,Latest Data Science Salaries,https://www.kaggle.com/datasets/iamsouravbanerjee/data-science-salaries-2023,0.1111111111111111,"data, science"
pandas,https://github.com/pandas-dev/pandas,Netflix - Exploratory Data Analysis ,https://www.kaggle.com/datasets/swatikhedekar/exploratory-data-analysis-on-netflix-data,0.1111111111111111,"data, python, analysis"
opencv,https://github.com/opencv/opencv,Corn or Maize Leaf Disease Dataset,https://www.kaggle.com/datasets/smaranjitghose/corn-or-maize-leaf-disease-dataset,0.1111111111111111,"vision, computer"
keras,https://github.com/keras-team/keras,Cryptocurrency Prediction Artificial Intelligence,https://www.kaggle.com/datasets/emirhanai/cryptocurrency-prediction-artificial-intelligence,0.1111111111111111,"learning, deep"
keras,https://github.com/keras-team/keras,Student Performance Factors,https://www.kaggle.com/datasets/lainguyn123/student-performance-factors,0.1111111111111111,"data, model"
keras,https://github.com/keras-team/keras,DorianG Deep Learning,https://www.kaggle.com/datasets/mpwolke/cusersmarildownloadsdoriangjpg,0.1111111111111111,"learning, deep"
keras,https://github.com/keras-team/keras,Deep Learning A-Z - ANN dataset,https://www.kaggle.com/datasets/filippoo/deep-learning-az-ann,0.1111111111111111,"learning, deep"
opencv,https://github.com/opencv/opencv,Cryptocurrency Prediction Artificial Intelligence,https://www.kaggle.com/datasets/emirhanai/cryptocurrency-prediction-artificial-intelligence,0.1111111111111111,"learning, deep"
opencv,https://github.com/opencv/opencv,Deep Learning A-Z - ANN dataset,https://www.kaggle.com/datasets/filippoo/deep-learning-az-ann,0.1111111111111111,"learning, deep"
opencv,https://github.com/opencv/opencv,2018 Kaggle Machine Learning & Data Science Survey,https://www.kaggle.com/datasets/kaggle/kaggle-survey-2018,0.1111111111111111,"computer, learning"
opencv,https://github.com/opencv/opencv,Data Science Cheat Sheets,https://www.kaggle.com/datasets/timoboz/data-science-cheat-sheets,0.1111111111111111,"learning, deep"
fairseq,https://github.com/facebookresearch/fairseq,Artificial intelligence (AI),https://www.kaggle.com/datasets/willianoliveiragibin/artificial-intelligence-ai,0.1111111111111111,"artificial, intelligence"
fairseq,https://github.com/facebookresearch/fairseq,History of Artificial Intelligence,https://www.kaggle.com/datasets/imtkaggleteam/history-of-artificial-intelligence,0.1111111111111111,"artificial, intelligence"
ML-For-Beginners,https://github.com/microsoft/ML-For-Beginners,Data Science Job Salaries,https://www.kaggle.com/datasets/ruchi798/data-science-job-salaries,0.10526315789473684,"data, science"
ML-For-Beginners,https://github.com/microsoft/ML-For-Beginners,Data Science Salaries 2023 ðŸ’¸,https://www.kaggle.com/datasets/arnabchaki/data-science-salaries-2023,0.10526315789473684,"data, science"
ML-For-Beginners,https://github.com/microsoft/ML-For-Beginners,Data Science Job,https://www.kaggle.com/datasets/brsahan/data-science-job,0.10526315789473684,"data, science"
ML-For-Beginners,https://github.com/microsoft/ML-For-Beginners,Data Science for Good: PASSNYC,https://www.kaggle.com/datasets/passnyc/data-science-for-good,0.10526315789473684,"data, science"
ML-For-Beginners,https://github.com/microsoft/ML-For-Beginners,Latest Data Science Salaries,https://www.kaggle.com/datasets/iamsouravbanerjee/data-science-salaries-2023,0.10526315789473684,"data, science"
ML-For-Beginners,https://github.com/microsoft/ML-For-Beginners,Data Science for Good: Kiva Crowdfunding,https://www.kaggle.com/datasets/kiva/data-science-for-good-kiva-crowdfunding,0.10526315789473684,"data, science"
ML-For-Beginners,https://github.com/microsoft/ML-For-Beginners,[NeurIPS 2020] Data Science for COVID-19 (DS4C),https://www.kaggle.com/datasets/kimjihoo/coronavirusdataset,0.10526315789473684,"data, science"
ML-For-Beginners,https://github.com/microsoft/ML-For-Beginners,Disease Prediction Using Machine Learning ,https://www.kaggle.com/datasets/kaushil268/disease-prediction-using-machine-learning,0.10526315789473684,"machine, learning"
ML-For-Beginners,https://github.com/microsoft/ML-For-Beginners,Game of Deep Learning: Ship datasets,https://www.kaggle.com/datasets/arpitjain007/game-of-deep-learning-ship-datasets,0.10526315789473684,"science, learning"
ML-For-Beginners,https://github.com/microsoft/ML-For-Beginners,Churn Modelling,https://www.kaggle.com/datasets/shubh0799/churn-modelling,0.10526315789473684,"science, learning"
ML-For-Beginners,https://github.com/microsoft/ML-For-Beginners,HackerEarth Deep Learning Challenge: HolidaySeason,https://www.kaggle.com/datasets/oossiiris/hackerearth-deep-learning-challenge-holidayseason,0.10526315789473684,"science, learning"
ML-For-Beginners,https://github.com/microsoft/ML-For-Beginners,Chest X-ray Images,https://www.kaggle.com/datasets/tolgadincer/labeled-chest-xray-images,0.10526315789473684,"science, learning"
ML-For-Beginners,https://github.com/microsoft/ML-For-Beginners,MIMIC-III - Deep Reinforcement Learning ,https://www.kaggle.com/datasets/asjad99/mimiciii,0.10526315789473684,"science, learning"
AI-For-Beginners,https://github.com/microsoft/AI-For-Beginners,Corn or Maize Leaf Disease Dataset,https://www.kaggle.com/datasets/smaranjitghose/corn-or-maize-leaf-disease-dataset,0.10526315789473684,"vision, computer"
transformers,https://github.com/huggingface/transformers,Disease Prediction Using Machine Learning ,https://www.kaggle.com/datasets/kaushil268/disease-prediction-using-machine-learning,0.10526315789473684,"machine, learning"
transformers,https://github.com/huggingface/transformers,Monai - deep learning in healthcare imaging,https://www.kaggle.com/datasets/mikecho/monai-v060-deep-learning-in-healthcare-imaging,0.10526315789473684,"pytorch, learning"
tensorflow,https://github.com/tensorflow/tensorflow,HackerEarth Deep Learning Challenge: HolidaySeason,https://www.kaggle.com/datasets/oossiiris/hackerearth-deep-learning-challenge-holidayseason,0.10526315789473684,"learning, deep"
tensorflow,https://github.com/tensorflow/tensorflow,Chest X-ray Images,https://www.kaggle.com/datasets/tolgadincer/labeled-chest-xray-images,0.10526315789473684,"learning, deep"
tensorflow,https://github.com/tensorflow/tensorflow,DorianG Deep Learning,https://www.kaggle.com/datasets/mpwolke/cusersmarildownloadsdoriangjpg,0.10526315789473684,"learning, deep"
tensorflow,https://github.com/tensorflow/tensorflow,MIMIC-III - Deep Reinforcement Learning ,https://www.kaggle.com/datasets/asjad99/mimiciii,0.10526315789473684,"learning, deep"
tensorflow,https://github.com/tensorflow/tensorflow,Cryptocurrency Prediction Artificial Intelligence,https://www.kaggle.com/datasets/emirhanai/cryptocurrency-prediction-artificial-intelligence,0.10526315789473684,"learning, deep"
transformers,https://github.com/huggingface/transformers,2018 Kaggle Machine Learning & Data Science Survey,https://www.kaggle.com/datasets/kaggle/kaggle-survey-2018,0.10526315789473684,"machine, learning"
tensorflow,https://github.com/tensorflow/tensorflow,Data Science Cheat Sheets,https://www.kaggle.com/datasets/timoboz/data-science-cheat-sheets,0.10526315789473684,"learning, deep"
tensorflow,https://github.com/tensorflow/tensorflow,2018 Kaggle Machine Learning & Data Science Survey,https://www.kaggle.com/datasets/kaggle/kaggle-survey-2018,0.10526315789473684,"machine, learning"
tensorflow,https://github.com/tensorflow/tensorflow,Game of Deep Learning: Ship datasets,https://www.kaggle.com/datasets/arpitjain007/game-of-deep-learning-ship-datasets,0.10526315789473684,"learning, deep"
tensorflow,https://github.com/tensorflow/tensorflow,Deep Learning A-Z - ANN dataset,https://www.kaggle.com/datasets/filippoo/deep-learning-az-ann,0.10526315789473684,"learning, deep"
tensorflow,https://github.com/tensorflow/tensorflow,Churn Modelling,https://www.kaggle.com/datasets/shubh0799/churn-modelling,0.10526315789473684,"learning, deep"
tensorflow,https://github.com/tensorflow/tensorflow,Monai - deep learning in healthcare imaging,https://www.kaggle.com/datasets/mikecho/monai-v060-deep-learning-in-healthcare-imaging,0.10526315789473684,"learning, deep"
CyberChef,https://github.com/gchq/CyberChef,Latest Data Science Salaries,https://www.kaggle.com/datasets/iamsouravbanerjee/data-science-salaries-2023,0.10526315789473684,"data, analysis"
CyberChef,https://github.com/gchq/CyberChef,2018 Kaggle Machine Learning & Data Science Survey,https://www.kaggle.com/datasets/kaggle/kaggle-survey-2018,0.10526315789473684,"data, analysis"
CyberChef,https://github.com/gchq/CyberChef,Students Data Analysis,https://www.kaggle.com/datasets/erqizhou/students-data-analysis,0.10526315789473684,"data, analysis"
CyberChef,https://github.com/gchq/CyberChef,Netflix Data Analysis,https://www.kaggle.com/datasets/ankulsharma150/netflix-data-analysis,0.10526315789473684,"data, analysis"
CyberChef,https://github.com/gchq/CyberChef,"Netflix Data: Cleaning, Analysis and Visualization",https://www.kaggle.com/datasets/ariyoomotade/netflix-data-cleaning-analysis-and-visualization,0.10526315789473684,"data, analysis"
CyberChef,https://github.com/gchq/CyberChef,ECommerce Data Analysis,https://www.kaggle.com/datasets/mmohaiminulislam/ecommerce-data-analysis,0.10526315789473684,"data, analysis"
CyberChef,https://github.com/gchq/CyberChef,Netflix - Exploratory Data Analysis ,https://www.kaggle.com/datasets/swatikhedekar/exploratory-data-analysis-on-netflix-data,0.10526315789473684,"data, analysis"
CyberChef,https://github.com/gchq/CyberChef,Market Basket Analysis Data,https://www.kaggle.com/datasets/ahmtcnbs/datasets-for-appiori,0.10526315789473684,"data, analysis"
CyberChef,https://github.com/gchq/CyberChef,Stock Market Analysis Data,https://www.kaggle.com/datasets/amirmotefaker/stock-market-analysis-data,0.10526315789473684,"data, analysis"
CyberChef,https://github.com/gchq/CyberChef,Uber Data AnalysisðŸš— ðŸš•,https://www.kaggle.com/datasets/bhanupratapbiswas/uber-data-analysis,0.10526315789473684,"data, analysis"
CyberChef,https://github.com/gchq/CyberChef,Walmart Data Analysis and Forcasting,https://www.kaggle.com/datasets/asahu40/walmart-data-analysis-and-forcasting,0.10526315789473684,"data, analysis"
ML-For-Beginners,https://github.com/microsoft/ML-For-Beginners,Game of Deep Learning: Ship datasets,https://www.kaggle.com/datasets/arpitjain007/game-of-deep-learning-ship-datasets,0.10526315789473684,"science, learning"
ML-For-Beginners,https://github.com/microsoft/ML-For-Beginners,Disease Prediction Using Machine Learning ,https://www.kaggle.com/datasets/kaushil268/disease-prediction-using-machine-learning,0.10526315789473684,"machine, learning"
ML-For-Beginners,https://github.com/microsoft/ML-For-Beginners,[NeurIPS 2020] Data Science for COVID-19 (DS4C),https://www.kaggle.com/datasets/kimjihoo/coronavirusdataset,0.10526315789473684,"data, science"
ML-For-Beginners,https://github.com/microsoft/ML-For-Beginners,HackerEarth Deep Learning Challenge: HolidaySeason,https://www.kaggle.com/datasets/oossiiris/hackerearth-deep-learning-challenge-holidayseason,0.10526315789473684,"science, learning"
ML-For-Beginners,https://github.com/microsoft/ML-For-Beginners,Chest X-ray Images,https://www.kaggle.com/datasets/tolgadincer/labeled-chest-xray-images,0.10526315789473684,"science, learning"
ML-For-Beginners,https://github.com/microsoft/ML-For-Beginners,MIMIC-III - Deep Reinforcement Learning ,https://www.kaggle.com/datasets/asjad99/mimiciii,0.10526315789473684,"science, learning"
ML-For-Beginners,https://github.com/microsoft/ML-For-Beginners,Churn Modelling,https://www.kaggle.com/datasets/shubh0799/churn-modelling,0.10526315789473684,"science, learning"
OpenHands,https://github.com/All-Hands-AI/OpenHands,Deep Learning A-Z - ANN dataset,https://www.kaggle.com/datasets/filippoo/deep-learning-az-ann,0.10526315789473684,"artificial, intelligence"
OpenHands,https://github.com/All-Hands-AI/OpenHands,Artificial Intelligence Arxiv,https://www.kaggle.com/datasets/johoetter/design-thinking-arxiv,0.10526315789473684,"artificial, intelligence"
OpenHands,https://github.com/All-Hands-AI/OpenHands,Human Action Detection - Artificial Intelligence,https://www.kaggle.com/datasets/emirhanai/human-action-detection-artificial-intelligence,0.10526315789473684,"artificial, intelligence"
OpenHands,https://github.com/All-Hands-AI/OpenHands,Cryptocurrency Prediction Artificial Intelligence,https://www.kaggle.com/datasets/emirhanai/cryptocurrency-prediction-artificial-intelligence,0.10526315789473684,"artificial, intelligence"
transformers,https://github.com/huggingface/transformers,Monai - deep learning in healthcare imaging,https://www.kaggle.com/datasets/mikecho/monai-v060-deep-learning-in-healthcare-imaging,0.10526315789473684,"pytorch, learning"
ML-For-Beginners,https://github.com/microsoft/ML-For-Beginners,Data Science Job Salaries,https://www.kaggle.com/datasets/ruchi798/data-science-job-salaries,0.10526315789473684,"data, science"
ML-For-Beginners,https://github.com/microsoft/ML-For-Beginners,Data Science Salaries 2023 ðŸ’¸,https://www.kaggle.com/datasets/arnabchaki/data-science-salaries-2023,0.10526315789473684,"data, science"
OpenHands,https://github.com/All-Hands-AI/OpenHands,The Rise Of Artificial Intelligence,https://www.kaggle.com/datasets/muhammadroshaanriaz/the-rise-of-artificial-intelligence,0.10526315789473684,"artificial, intelligence"
OpenHands,https://github.com/All-Hands-AI/OpenHands,Tesla/Nasdaq Prediction Artificial Intelligence,https://www.kaggle.com/datasets/emirhanai/teslanasdaq-prediction-artificial-intelligence,0.10526315789473684,"artificial, intelligence"
OpenHands,https://github.com/All-Hands-AI/OpenHands,Language Detect Artificial Intelligence Software,https://www.kaggle.com/datasets/emirhanai/language-detect-artificial-intelligence-software,0.10526315789473684,"artificial, intelligence"
OpenHands,https://github.com/All-Hands-AI/OpenHands,Cryptocurrency Predict Artificial Intelligence V3,https://www.kaggle.com/datasets/emirhanai/cryptocurrency-predict-artificial-intelligence-v3,0.10526315789473684,"artificial, intelligence"
OpenHands,https://github.com/All-Hands-AI/OpenHands,History of Artificial Intelligence,https://www.kaggle.com/datasets/imtkaggleteam/history-of-artificial-intelligence,0.10526315789473684,"artificial, intelligence"
OpenHands,https://github.com/All-Hands-AI/OpenHands,Artificial intelligence (AI),https://www.kaggle.com/datasets/willianoliveiragibin/artificial-intelligence-ai,0.10526315789473684,"artificial, intelligence"
AI-For-Beginners,https://github.com/microsoft/AI-For-Beginners,Data Science Cheat Sheets,https://www.kaggle.com/datasets/timoboz/data-science-cheat-sheets,0.10526315789473684,"learning, deep"
tensorflow,https://github.com/tensorflow/tensorflow,Chest X-ray Images,https://www.kaggle.com/datasets/tolgadincer/labeled-chest-xray-images,0.10526315789473684,"learning, deep"
tensorflow,https://github.com/tensorflow/tensorflow,DorianG Deep Learning,https://www.kaggle.com/datasets/mpwolke/cusersmarildownloadsdoriangjpg,0.10526315789473684,"learning, deep"
tensorflow,https://github.com/tensorflow/tensorflow,MIMIC-III - Deep Reinforcement Learning ,https://www.kaggle.com/datasets/asjad99/mimiciii,0.10526315789473684,"learning, deep"
tensorflow,https://github.com/tensorflow/tensorflow,Cryptocurrency Prediction Artificial Intelligence,https://www.kaggle.com/datasets/emirhanai/cryptocurrency-prediction-artificial-intelligence,0.10526315789473684,"learning, deep"
transformers,https://github.com/huggingface/transformers,2018 Kaggle Machine Learning & Data Science Survey,https://www.kaggle.com/datasets/kaggle/kaggle-survey-2018,0.10526315789473684,"machine, learning"
transformers,https://github.com/huggingface/transformers,Disease Prediction Using Machine Learning ,https://www.kaggle.com/datasets/kaushil268/disease-prediction-using-machine-learning,0.10526315789473684,"machine, learning"
tensorflow,https://github.com/tensorflow/tensorflow,2018 Kaggle Machine Learning & Data Science Survey,https://www.kaggle.com/datasets/kaggle/kaggle-survey-2018,0.10526315789473684,"machine, learning"
tensorflow,https://github.com/tensorflow/tensorflow,Game of Deep Learning: Ship datasets,https://www.kaggle.com/datasets/arpitjain007/game-of-deep-learning-ship-datasets,0.10526315789473684,"learning, deep"
tensorflow,https://github.com/tensorflow/tensorflow,Deep Learning A-Z - ANN dataset,https://www.kaggle.com/datasets/filippoo/deep-learning-az-ann,0.10526315789473684,"learning, deep"
ML-For-Beginners,https://github.com/microsoft/ML-For-Beginners,Data Science Job,https://www.kaggle.com/datasets/brsahan/data-science-job,0.10526315789473684,"data, science"
ML-For-Beginners,https://github.com/microsoft/ML-For-Beginners,Data Science for Good: PASSNYC,https://www.kaggle.com/datasets/passnyc/data-science-for-good,0.10526315789473684,"data, science"
ML-For-Beginners,https://github.com/microsoft/ML-For-Beginners,Latest Data Science Salaries,https://www.kaggle.com/datasets/iamsouravbanerjee/data-science-salaries-2023,0.10526315789473684,"data, science"
ML-For-Beginners,https://github.com/microsoft/ML-For-Beginners,Data Science for Good: Kiva Crowdfunding,https://www.kaggle.com/datasets/kiva/data-science-for-good-kiva-crowdfunding,0.10526315789473684,"data, science"
tensorflow,https://github.com/tensorflow/tensorflow,Data Science Cheat Sheets,https://www.kaggle.com/datasets/timoboz/data-science-cheat-sheets,0.10526315789473684,"learning, deep"
tensorflow,https://github.com/tensorflow/tensorflow,Monai - deep learning in healthcare imaging,https://www.kaggle.com/datasets/mikecho/monai-v060-deep-learning-in-healthcare-imaging,0.10526315789473684,"learning, deep"
tensorflow,https://github.com/tensorflow/tensorflow,HackerEarth Deep Learning Challenge: HolidaySeason,https://www.kaggle.com/datasets/oossiiris/hackerearth-deep-learning-challenge-holidayseason,0.10526315789473684,"learning, deep"
AI-For-Beginners,https://github.com/microsoft/AI-For-Beginners,Disease Prediction Using Machine Learning ,https://www.kaggle.com/datasets/kaushil268/disease-prediction-using-machine-learning,0.10526315789473684,"machine, learning"
tensorflow,https://github.com/tensorflow/tensorflow,Churn Modelling,https://www.kaggle.com/datasets/shubh0799/churn-modelling,0.10526315789473684,"learning, deep"
AI-For-Beginners,https://github.com/microsoft/AI-For-Beginners,DorianG Deep Learning,https://www.kaggle.com/datasets/mpwolke/cusersmarildownloadsdoriangjpg,0.10526315789473684,"learning, deep"
metabase,https://github.com/metabase/metabase,Uber Data AnalysisðŸš— ðŸš•,https://www.kaggle.com/datasets/bhanupratapbiswas/uber-data-analysis,0.10344827586206896,"data, analytics, business"
metabase,https://github.com/metabase/metabase,Walmart Data Analysis and Forcasting,https://www.kaggle.com/datasets/asahu40/walmart-data-analysis-and-forcasting,0.10344827586206896,"data, analytics, business"
metabase,https://github.com/metabase/metabase,Latest Data Science Salaries,https://www.kaggle.com/datasets/iamsouravbanerjee/data-science-salaries-2023,0.10344827586206896,"data, business, latest"
